model,auc,accuracy,f1,recall,precision,num_failures,threshold
vit_tiny,0.9791858426473812,0.9230769230769231,0.9414634146341463,0.9897435897435898,0.8976744186046511,48,0.5
resnet18,0.9420556651325882,0.8461538461538461,0.8891454965357968,0.9871794871794872,0.8088235294117647,96,0.5
simplecnn,0.927755862371247,0.8141025641025641,0.8681818181818182,0.9794871794871794,0.7795918367346939,116,0.5
efficientnet_b0,0.9248520710059172,0.8397435897435898,0.8806682577565632,0.9461538461538461,0.8236607142857143,100,0.5
mambanet,0.9122287968441815,0.8365384615384616,0.8794326241134752,0.9538461538461539,0.8157894736842105,102,0.5
